currency full name,currency code,Convert from 1 currency to another,,,,,,,,
Singapore Dollar,SGD,"""=GOOGLEFINANCE(""CURRENCY:USDEUR"")""",,,,,,,,
Euro,EUR,convert from usd to eur,,"1 British pound GBP to
Japanese yet",,,,,,
COLOMBIA,COP,0.96949,,196.097,,,,,,
Japanese yen,JPY,Singapore Dollars to Colombian Pesos,,,,,,,,
Chinese Yuan (RMB),CNY,3187.901432,,"""=GOOGLEFINANCE(""CURRENCY:USDEUR"")""",,,,,,
,,,,"""=GOOGLEFINANCE(""CURRENCY:SOURCECURRENCYTARGETCURRENCY"")""",,,,,,
,,,,,,,,,,
"convert
with
more
flexibility",,,,,,,,,,
,,,,,,,,,,
,,,,,,,,,,
,,,,,,,,,,
,,,,,,,,,,
,,,,,,,,,,
,,,,115.157,,,,,,
currency full name,currency code,source currency code,target currency code,exchange rate from source to target,source amount,target amount converted,,,,
Singapore Dollar,SGD,SGD,JPY,115.157,100,11515.7,,,,
Euro,EUR,EUR,USD,1.03147015,100,103.147015,,,,
COLOMBIA,COP,USD,COP,4367.23369,100,436723.369,,,,
Japanese yen,JPY,JPY,EUR,0.006146116,1,0.006146116,,,,
Chinese Yuan (RMB),CNY,USD,CNY,7.3206,1,7.3206,,,,
Chilean Peso,CLP,USD,CLP,1020.40816,1,1020.40816,,,,
,,EUR,GBP,0.82951,100,82.951,,,,
,,,,,,,,,,
,,historical,,,,,,,,
,,#N/A,,,,,,,,
,,,,,,,,,,
,,,,,,,,,,
,,,,,,,,,,
,,2022-05-22,,,,,,,,
,,#N/A,,,,,,,,
,,,,#N/A,,,,,,
,,,,,,,,,,
,,,,,,,,,,
,,,,,,,,,,
,,,,,,,,,,
,,,,,,,,,,
,,source currency code,target currency code,year,month,day,Historical Exchange Rate,,,
,,USD,SGD,2014,1,5,1.26675,"=INDEX(GOOGLEFINANCE(""CURRENCY:"" & I58 & J58, ""price"", DATE(K58, L58, M58)), 2, 2)",,
,,USD,SGD,2014,2,5,1.26797,"=INDEX(GOOGLEFINANCE(""CURRENCY:"" & I59 & J59, ""price"", DATE(K59, L59, M59)), 2, 2)",,
,,USD,SGD,2014,3,5,1.2691,"=INDEX(GOOGLEFINANCE(""CURRENCY:"" & I60 & J60, ""price"", DATE(K60, L60, M60)), 2, 2)",,
,,USD,SGD,2014,4,5,1.25904942,"=INDEX(GOOGLEFINANCE(""CURRENCY:"" & I61 & J61, ""price"", DATE(K61, L61, M61)), 2, 2)",,
,,USD,SGD,2014,5,5,1.2501,"=INDEX(GOOGLEFINANCE(""CURRENCY:"" & I62 & J62, ""price"", DATE(K62, L62, M62)), 2, 2)",,
,,USD,SGD,2014,6,5,1.25257,"=INDEX(GOOGLEFINANCE(""CURRENCY:"" & I63 & J63, ""price"", DATE(K63, L63, M63)), 2, 2)",,
,,USD,SGD,2014,7,5,1.24609039,"=INDEX(GOOGLEFINANCE(""CURRENCY:"" & I64 & J64, ""price"", DATE(K64, L64, M64)), 2, 2)",,
,,USD,SGD,2014,8,5,1.24777,"=INDEX(GOOGLEFINANCE(""CURRENCY:"" & I65 & J65, ""price"", DATE(K65, L65, M65)), 2, 2)",,
,,USD,SGD,2014,9,5,1.25233,"=INDEX(GOOGLEFINANCE(""CURRENCY:"" & I66 & J66, ""price"", DATE(K66, L66, M66)), 2, 2)",,
,,USD,SGD,2014,10,5,1.28103,"=INDEX(GOOGLEFINANCE(""CURRENCY:"" & I67 & J67, ""price"", DATE(K67, L67, M67)), 2, 2)",,
,,USD,SGD,2014,11,5,1.2937,"=INDEX(GOOGLEFINANCE(""CURRENCY:"" & I68 & J68, ""price"", DATE(K68, L68, M68)), 2, 2)",,
,,USD,SGD,2014,12,5,1.32114,"=INDEX(GOOGLEFINANCE(""CURRENCY:"" & I69 & J69, ""price"", DATE(K69, L69, M69)), 2, 2)",,
,,,,,,,,,,
,,,,,,,,,,
,,,,,,,,,,
,,USD,SGD,2014,1,1,1.26408,"=INDEX(GOOGLEFINANCE(""CURRENCY:"" & I73 & J73, ""price"", DATE(K73, L73, M73)), 2, 2)",,
,,USD,SGD,2015,1,1,1.32378,"=INDEX(GOOGLEFINANCE(""CURRENCY:"" & I74 & J74, ""price"", DATE(K74, L74, M74)), 2, 2)",,
,,USD,SGD,2016,1,1,1.41928,"=INDEX(GOOGLEFINANCE(""CURRENCY:"" & I75 & J75, ""price"", DATE(K75, L75, M75)), 2, 2)",,
,,USD,SGD,2017,1,1,1.44699,"=INDEX(GOOGLEFINANCE(""CURRENCY:"" & I76 & J76, ""price"", DATE(K76, L76, M76)), 2, 2)",,
,,USD,SGD,2018,1,1,1.3369,"=INDEX(GOOGLEFINANCE(""CURRENCY:"" & I77 & J77, ""price"", DATE(K77, L77, M77)), 2, 2)",,
,,USD,SGD,2019,1,1,1.3624,"=INDEX(GOOGLEFINANCE(""CURRENCY:"" & I78 & J78, ""price"", DATE(K78, L78, M78)), 2, 2)",,
,,USD,SGD,2020,1,1,1.34519,"=INDEX(GOOGLEFINANCE(""CURRENCY:"" & I79 & J79, ""price"", DATE(K79, L79, M79)), 2, 2)",,
,,USD,SGD,2021,1,1,1.321,"=INDEX(GOOGLEFINANCE(""CURRENCY:"" & I80 & J80, ""price"", DATE(K80, L80, M80)), 2, 2)",,
,,USD,SGD,2022,1,1,1.3482,"=INDEX(GOOGLEFINANCE(""CURRENCY:"" & I81 & J81, ""price"", DATE(K81, L81, M81)), 2, 2)",,
,,USD,SGD,2023,1,1,1.33732,"=INDEX(GOOGLEFINANCE(""CURRENCY:"" & I82 & J82, ""price"", DATE(K82, L82, M82)), 2, 2)",,
,,USD,SGD,2024,1,1,1.3193,"=INDEX(GOOGLEFINANCE(""CURRENCY:"" & I83 & J83, ""price"", DATE(K83, L83, M83)), 2, 2)",,
,,USD,SGD,2025,1,1,1.365525,"=INDEX(GOOGLEFINANCE(""CURRENCY:"" & I84 & J84, ""price"", DATE(K84, L84, M84)), 2, 2)",,
,,,,,,,,,,
,,,,,,,,,,
,,,,,,,,,,
,,,,,,,,,,
,,,,,,,,,,
,,,,,,,,,,
,,https://en.wikipedia.org/wiki/ISO_4217,,,,,,,,
,,https://www.iban.com/currency-codes,,,,,,,,
,,,,,,,,,,
,,,,,,,,,,
,,source currency code,target currency code,year,month,day,Historical Exchange Rate,,,
,,USD,CNY,2014,1,1,6.044,"=INDEX(GOOGLEFINANCE(""CURRENCY:"" & I96 & J96, ""price"", DATE(K96, L96, M96)), 2, 2)",,
,,USD,CNY,2015,1,1,6.1961,"=INDEX(GOOGLEFINANCE(""CURRENCY:"" & I97 & J97, ""price"", DATE(K97, L97, M97)), 2, 2)",,
,,USD,CNY,2016,1,1,6.4837,"=INDEX(GOOGLEFINANCE(""CURRENCY:"" & I98 & J98, ""price"", DATE(K98, L98, M98)), 2, 2)",,
,,USD,CNY,2017,1,1,6.9438,"=INDEX(GOOGLEFINANCE(""CURRENCY:"" & I99 & J99, ""price"", DATE(K99, L99, M99)), 2, 2)",,
,,USD,CNY,2018,1,1,6.5058,"=INDEX(GOOGLEFINANCE(""CURRENCY:"" & I100 & J100, ""price"", DATE(K100, L100, M100)), 2, 2)",,
,,USD,CNY,2019,1,1,6.8775,"=INDEX(GOOGLEFINANCE(""CURRENCY:"" & I101 & J101, ""price"", DATE(K101, L101, M101)), 2, 2)",,
,,USD,CNY,2020,1,1,6.9622,"=INDEX(GOOGLEFINANCE(""CURRENCY:"" & I102 & J102, ""price"", DATE(K102, L102, M102)), 2, 2)",,
,,USD,CNY,2021,1,1,6.532,"=INDEX(GOOGLEFINANCE(""CURRENCY:"" & I103 & J103, ""price"", DATE(K103, L103, M103)), 2, 2)",,
,,USD,CNY,2022,1,1,6.3549,"=INDEX(GOOGLEFINANCE(""CURRENCY:"" & I104 & J104, ""price"", DATE(K104, L104, M104)), 2, 2)",,
,,USD,CNY,2023,1,1,6.8969,"=INDEX(GOOGLEFINANCE(""CURRENCY:"" & I105 & J105, ""price"", DATE(K105, L105, M105)), 2, 2)",,
,,USD,CNY,2024,1,1,7.0686,"=INDEX(GOOGLEFINANCE(""CURRENCY:"" & I106 & J106, ""price"", DATE(K106, L106, M106)), 2, 2)",,
,,USD,CNY,2025,1,1,#N/A,"=INDEX(GOOGLEFINANCE(""CURRENCY:"" & C88 & D88, ""price"", DATE(E88, F88, G88)), 2, 2)",,
,,USD,CNY,2014,1,1,6.044,,,
,,,,,,,,,,
,,,,,,,,,,
,,,,,,,,,,
,,,,,,,,,,
,,,,,,,,,,
,,,,,,,,,,
,,,,,,,,,,
,,,,,,,,,,
,,,,,,,,,,
,,,,,,,,,,
,,,,,,,,,,
,,,,,,,,,,
,,,,,,,,,,
,,,,,,,,,,
,,,,,,,,,,
,,,,,,,,,,
,,,,,,,,,,
,,,,,,,,,,
,,,,,,,,,,
,,,,,,,,,,
,,,,,,,,,,
,,,,,,,,,,
,,,,,,,,,,
,,,,,,,,,,
,,,,,,,,,,
,,,,,,,,,,
,,,,,,,,,,
,,,,,,,,,,
,,,,,,,,,,
,,,,,,,,,,
,,,,,,,,,,
,,,,,,,,,,
,,,,,,,,,,
,,,,,,,,,,
,,,,,,,,,,
,,,,,,,,,,
,,,,,,,,,,
,,,,,,,,,,
,,,,,,,,,,
,,,,,,,,,,
,,,,,,,,,,
,,,,,,,,,,
,,,,,,,,,,
,,,,,,,,,,
,,,,,,,,,,
,,,,,,,,,,
,,,,,,,,,,
,,,,,,,,,,
,,,,,,,,,,
,,,,,,,,,,
,,,,,,,,,,
,,,,,,,,,,
,,,,,,,,,,
,,,,,,,,,,
,,,,,,,,,,
,,,,,,,,,,
,,,,,,,,,,
,,,,,,,,,,
,,,,,,,,,,
,,,,,,,,,,
,,,,,,,,,,
,,,,,,,,,,
,,,,,,,,,,
,,,,,,,,,,
,,,,,,,,,,
,,,,,,,,,,
,,,,,,,,,,
,,,,,,,,,,
,,,,,,,,,,
,,,,,,,,,,
,,,,,,,,,,
,,,,,,,,,,
,,,,,,,,,,
,,,,,,,,,,
,,,,,,,,,,
,,,,,,,,,,
,,,,,,,,,,
,,,,,,,,,,
,,,,,,,,,,
,,,,,,,,,,
,,,,,,,,,,
,,,,,,,,,,
,,,,,,,,,,
,,,,,,,,,,
,,,,,,,,,,
,,,,,,,,,,
,,,,,,,,,,
,,,,,,,,,,
,,,,,,,,,,
,,,,,,,,,,
,,,,,,,,,,
,,,,,,,,,,
,,,,,,,,,,
,,,,,,,,,,
,,,,,,,,,,
,,,,,,,,,,
,,,,,,,,,,
,,,,,,,,,,
,,,,,,,,,,
,,,,,,,,,,
,,,,,,,,,,
,,,,,,,,,,
,,,,,,,,,,
,,,,,,,,,,
,,,,,,,,,,
,,,,,,,,,,
,,,,,,,,,,
,,,,,,,,,,
,,,,,,,,,,
,,,,,,,,,,
,,,,,,,,,,
,,,,,,,,,,
,,,,,,,,,,
,,,,,,,,,,
,,,,,,,,,,
,,,,,,,,,,
,,,,,,,,,,
,,,,,,,,,,
,,,,,,,,,,
,,,,,,,,,,
,,,,,,,,,,
,,,,,,,,,,
,,,,,,,,,,
,,,,,,,,,,
,,,,,,,,,,
,,,,,,,,,,
,,,,,,,,,,
,,,,,,,,,,
,,,,,,,,,,
,,,,,,,,,,
,,,,,,,,,,
,,,,,,,,,,
,,,,,,,,,,
,,,,,,,,,,
,,,,,,,,,,
,,,,,,,,,,
,,,,,,,,,,
,,,,,,,,,,
,,,,,,,,,,
,,,,,,,,,,
,,,,,,,,,,
,,,,,,,,,,
,,,,,,,,,,
,,,,,,,,,,
,,,,,,,,,,
,,,,,,,,,,
,,,,,,,,,,
,,,,,,,,,,
,,,,,,,,,,
,,,,,,,,,,
,,,,,,,,,,
,,,,,,,,,,
,,,,,,,,,,
,,,,,,,,,,
,,,,,,,,,,
,,,,,,,,,,
,,,,,,,,,,
,,,,,,,,,,
,,,,,,,,,,
,,,,,,,,,,
,,,,,,,,,,
,,,,,,,,,,
,,,,,,,,,,
,,,,,,,,,,
,,,,,,,,,,
,,,,,,,,,,
,,,,,,,,,,
,,,,,,,,,,
,,,,,,,,,,
,,,,,,,,,,
,,,,,,,,,,
,,,,,,,,,,
,,,,,,,,,,
,,,,,,,,,,
,,,,,,,,,,
,,,,,,,,,,
,,,,,,,,,,
,,,,,,,,,,
,,,,,,,,,,
,,,,,,,,,,
,,,,,,,,,,
,,,,,,,,,,
,,,,,,,,,,
,,,,,,,,,,
,,,,,,,,,,
,,,,,,,,,,
,,,,,,,,,,
,,,,,,,,,,
,,,,,,,,,,
,,,,,,,,,,
,,,,,,,,,,
,,,,,,,,,,
,,,,,,,,,,
,,,,,,,,,,
,,,,,,,,,,
,,,,,,,,,,
,,,,,,,,,,
,,,,,,,,,,
,,,,,,,,,,
,,,,,,,,,,
,,,,,,,,,,
,,,,,,,,,,
,,,,,,,,,,
,,,,,,,,,,
,,,,,,,,,,
,,,,,,,,,,
,,,,,,,,,,
,,,,,,,,,,
,,,,,,,,,,
,,,,,,,,,,
,,,,,,,,,,
,,,,,,,,,,
,,,,,,,,,,
,,,,,,,,,,
,,,,,,,,,,
,,,,,,,,,,
,,,,,,,,,,
,,,,,,,,,,
,,,,,,,,,,
,,,,,,,,,,
,,,,,,,,,,
,,,,,,,,,,
,,,,,,,,,,
,,,,,,,,,,
,,,,,,,,,,
,,,,,,,,,,
,,,,,,,,,,
,,,,,,,,,,
,,,,,,,,,,
,,,,,,,,,,
,,,,,,,,,,
,,,,,,,,,,
,,,,,,,,,,
,,,,,,,,,,
,,,,,,,,,,
,,,,,,,,,,
,,,,,,,,,,
,,,,,,,,,,
,,,,,,,,,,
,,,,,,,,,,
,,,,,,,,,,
,,,,,,,,,,
,,,,,,,,,,
,,,,,,,,,,
,,,,,,,,,,
,,,,,,,,,,
,,,,,,,,,,
,,,,,,,,,,
,,,,,,,,,,
,,,,,,,,,,
,,,,,,,,,,
,,,,,,,,,,
,,,,,,,,,,
,,,,,,,,,,
,,,,,,,,,,
,,,,,,,,,,
,,,,,,,,,,
,,,,,,,,,,
,,,,,,,,,,
,,,,,,,,,,
,,,,,,,,,,
,,,,,,,,,,
,,,,,,,,,,
,,,,,,,,,,
,,,,,,,,,,
,,,,,,,,,,
,,,,,,,,,,
,,,,,,,,,,
,,,,,,,,,,
,,,,,,,,,,
,,,,,,,,,,
,,,,,,,,,,
,,,,,,,,,,
,,,,,,,,,,
,,,,,,,,,,
,,,,,,,,,,
,,,,,,,,,,
,,,,,,,,,,
,,,,,,,,,,
,,,,,,,,,,
,,,,,,,,,,
,,,,,,,,,,
,,,,,,,,,,
,,,,,,,,,,
,,,,,,,,,,
,,,,,,,,,,
,,,,,,,,,,
,,,,,,,,,,
,,,,,,,,,,
,,,,,,,,,,
,,,,,,,,,,
,,,,,,,,,,
,,,,,,,,,,
,,,,,,,,,,
,,,,,,,,,,
,,,,,,,,,,
,,,,,,,,,,
,,,,,,,,,,
,,,,,,,,,,
,,,,,,,,,,
,,,,,,,,,,
,,,,,,,,,,
,,,,,,,,,,
,,,,,,,,,,
,,,,,,,,,,
,,,,,,,,,,
,,,,,,,,,,
,,,,,,,,,,
,,,,,,,,,,
,,,,,,,,,,
,,,,,,,,,,
,,,,,,,,,,
,,,,,,,,,,
,,,,,,,,,,
,,,,,,,,,,
,,,,,,,,,,
,,,,,,,,,,
,,,,,,,,,,
,,,,,,,,,,
,,,,,,,,,,
,,,,,,,,,,
,,,,,,,,,,
,,,,,,,,,,
,,,,,,,,,,
,,,,,,,,,,
,,,,,,,,,,
,,,,,,,,,,
,,,,,,,,,,
,,,,,,,,,,
,,,,,,,,,,
,,,,,,,,,,
,,,,,,,,,,
,,,,,,,,,,
,,,,,,,,,,
,,,,,,,,,,
,,,,,,,,,,
,,,,,,,,,,
,,,,,,,,,,
,,,,,,,,,,
,,,,,,,,,,
,,,,,,,,,,
,,,,,,,,,,
,,,,,,,,,,
,,,,,,,,,,
,,,,,,,,,,
,,,,,,,,,,
,,,,,,,,,,
,,,,,,,,,,
,,,,,,,,,,
,,,,,,,,,,
,,,,,,,,,,
,,,,,,,,,,
,,,,,,,,,,
,,,,,,,,,,
,,,,,,,,,,
,,,,,,,,,,
,,,,,,,,,,
,,,,,,,,,,
,,,,,,,,,,
,,,,,,,,,,
,,,,,,,,,,
,,,,,,,,,,
,,,,,,,,,,
,,,,,,,,,,
,,,,,,,,,,
,,,,,,,,,,
,,,,,,,,,,
,,,,,,,,,,
,,,,,,,,,,
,,,,,,,,,,
,,,,,,,,,,
,,,,,,,,,,
,,,,,,,,,,
,,,,,,,,,,
,,,,,,,,,,
,,,,,,,,,,
,,,,,,,,,,
,,,,,,,,,,
,,,,,,,,,,
,,,,,,,,,,
,,,,,,,,,,
,,,,,,,,,,
,,,,,,,,,,
,,,,,,,,,,
,,,,,,,,,,
,,,,,,,,,,
,,,,,,,,,,
,,,,,,,,,,
,,,,,,,,,,
,,,,,,,,,,
,,,,,,,,,,
,,,,,,,,,,
,,,,,,,,,,
,,,,,,,,,,
,,,,,,,,,,
,,,,,,,,,,
,,,,,,,,,,
,,,,,,,,,,
,,,,,,,,,,
,,,,,,,,,,
,,,,,,,,,,
,,,,,,,,,,
,,,,,,,,,,
,,,,,,,,,,
,,,,,,,,,,
,,,,,,,,,,
,,,,,,,,,,
,,,,,,,,,,
,,,,,,,,,,
,,,,,,,,,,
,,,,,,,,,,
,,,,,,,,,,
,,,,,,,,,,
,,,,,,,,,,
,,,,,,,,,,
,,,,,,,,,,
,,,,,,,,,,
,,,,,,,,,,
,,,,,,,,,,
,,,,,,,,,,
,,,,,,,,,,
,,,,,,,,,,
,,,,,,,,,,
,,,,,,,,,,
,,,,,,,,,,
,,,,,,,,,,
,,,,,,,,,,
,,,,,,,,,,
,,,,,,,,,,
,,,,,,,,,,
,,,,,,,,,,
,,,,,,,,,,
,,,,,,,,,,
,,,,,,,,,,
,,,,,,,,,,
,,,,,,,,,,
,,,,,,,,,,
,,,,,,,,,,
,,,,,,,,,,
,,,,,,,,,,
,,,,,,,,,,
,,,,,,,,,,
,,,,,,,,,,
,,,,,,,,,,
,,,,,,,,,,
,,,,,,,,,,
,,,,,,,,,,
,,,,,,,,,,
,,,,,,,,,,
,,,,,,,,,,
,,,,,,,,,,
,,,,,,,,,,
,,,,,,,,,,
,,,,,,,,,,
,,,,,,,,,,
,,,,,,,,,,
,,,,,,,,,,
,,,,,,,,,,
,,,,,,,,,,
,,,,,,,,,,
,,,,,,,,,,
,,,,,,,,,,
,,,,,,,,,,
,,,,,,,,,,
,,,,,,,,,,
,,,,,,,,,,
,,,,,,,,,,
,,,,,,,,,,
,,,,,,,,,,
,,,,,,,,,,
,,,,,,,,,,
,,,,,,,,,,
,,,,,,,,,,
,,,,,,,,,,
,,,,,,,,,,
,,,,,,,,,,
,,,,,,,,,,
,,,,,,,,,,
,,,,,,,,,,
,,,,,,,,,,
,,,,,,,,,,
,,,,,,,,,,
,,,,,,,,,,
,,,,,,,,,,
,,,,,,,,,,
,,,,,,,,,,
,,,,,,,,,,
,,,,,,,,,,
,,,,,,,,,,
,,,,,,,,,,
,,,,,,,,,,
,,,,,,,,,,
,,,,,,,,,,
,,,,,,,,,,
,,,,,,,,,,
,,,,,,,,,,
,,,,,,,,,,
,,,,,,,,,,
,,,,,,,,,,
,,,,,,,,,,
,,,,,,,,,,
,,,,,,,,,,
,,,,,,,,,,
,,,,,,,,,,
,,,,,,,,,,
,,,,,,,,,,
,,,,,,,,,,
,,,,,,,,,,
,,,,,,,,,,
,,,,,,,,,,
,,,,,,,,,,
,,,,,,,,,,
,,,,,,,,,,
,,,,,,,,,,
,,,,,,,,,,
,,,,,,,,,,
,,,,,,,,,,
,,,,,,,,,,
,,,,,,,,,,
,,,,,,,,,,
,,,,,,,,,,
,,,,,,,,,,
,,,,,,,,,,
,,,,,,,,,,
,,,,,,,,,,
,,,,,,,,,,
,,,,,,,,,,
,,,,,,,,,,
,,,,,,,,,,
,,,,,,,,,,
,,,,,,,,,,
,,,,,,,,,,
,,,,,,,,,,
,,,,,,,,,,
,,,,,,,,,,
,,,,,,,,,,
,,,,,,,,,,
,,,,,,,,,,
,,,,,,,,,,
,,,,,,,,,,
,,,,,,,,,,
,,,,,,,,,,
,,,,,,,,,,
,,,,,,,,,,
,,,,,,,,,,
,,,,,,,,,,
,,,,,,,,,,
,,,,,,,,,,
,,,,,,,,,,
,,,,,,,,,,
,,,,,,,,,,
,,,,,,,,,,
,,,,,,,,,,
,,,,,,,,,,
,,,,,,,,,,
,,,,,,,,,,
,,,,,,,,,,
,,,,,,,,,,
,,,,,,,,,,
,,,,,,,,,,
,,,,,,,,,,
,,,,,,,,,,
,,,,,,,,,,
,,,,,,,,,,
,,,,,,,,,,
,,,,,,,,,,
,,,,,,,,,,
,,,,,,,,,,
,,,,,,,,,,
,,,,,,,,,,
,,,,,,,,,,
,,,,,,,,,,
,,,,,,,,,,
,,,,,,,,,,
,,,,,,,,,,
,,,,,,,,,,
,,,,,,,,,,
,,,,,,,,,,
,,,,,,,,,,
,,,,,,,,,,
,,,,,,,,,,
,,,,,,,,,,
,,,,,,,,,,
,,,,,,,,,,
,,,,,,,,,,
,,,,,,,,,,
,,,,,,,,,,
,,,,,,,,,,
,,,,,,,,,,
,,,,,,,,,,
,,,,,,,,,,
,,,,,,,,,,
,,,,,,,,,,
,,,,,,,,,,
,,,,,,,,,,
,,,,,,,,,,
,,,,,,,,,,
,,,,,,,,,,
,,,,,,,,,,
,,,,,,,,,,
,,,,,,,,,,
,,,,,,,,,,
,,,,,,,,,,
,,,,,,,,,,
,,,,,,,,,,
,,,,,,,,,,
,,,,,,,,,,
,,,,,,,,,,
,,,,,,,,,,
,,,,,,,,,,
,,,,,,,,,,
,,,,,,,,,,
,,,,,,,,,,
,,,,,,,,,,
,,,,,,,,,,
,,,,,,,,,,
,,,,,,,,,,
,,,,,,,,,,
,,,,,,,,,,
,,,,,,,,,,
,,,,,,,,,,
,,,,,,,,,,
,,,,,,,,,,
,,,,,,,,,,
,,,,,,,,,,
,,,,,,,,,,
,,,,,,,,,,
,,,,,,,,,,
,,,,,,,,,,
,,,,,,,,,,
,,,,,,,,,,
,,,,,,,,,,
,,,,,,,,,,
,,,,,,,,,,
,,,,,,,,,,
,,,,,,,,,,
,,,,,,,,,,
,,,,,,,,,,
,,,,,,,,,,
,,,,,,,,,,
,,,,,,,,,,
,,,,,,,,,,
,,,,,,,,,,
,,,,,,,,,,
,,,,,,,,,,
,,,,,,,,,,
,,,,,,,,,,
,,,,,,,,,,
,,,,,,,,,,
,,,,,,,,,,
,,,,,,,,,,
,,,,,,,,,,
,,,,,,,,,,
,,,,,,,,,,
,,,,,,,,,,
,,,,,,,,,,
,,,,,,,,,,
,,,,,,,,,,
,,,,,,,,,,
,,,,,,,,,,
,,,,,,,,,,
,,,,,,,,,,
,,,,,,,,,,
,,,,,,,,,,
,,,,,,,,,,
,,,,,,,,,,
,,,,,,,,,,
,,,,,,,,,,
,,,,,,,,,,
,,,,,,,,,,
,,,,,,,,,,
,,,,,,,,,,
,,,,,,,,,,
,,,,,,,,,,
,,,,,,,,,,
,,,,,,,,,,
,,,,,,,,,,
,,,,,,,,,,
,,,,,,,,,,
,,,,,,,,,,
,,,,,,,,,,
,,,,,,,,,,
,,,,,,,,,,
,,,,,,,,,,
,,,,,,,,,,
,,,,,,,,,,
,,,,,,,,,,
,,,,,,,,,,
,,,,,,,,,,
,,,,,,,,,,
,,,,,,,,,,
,,,,,,,,,,
,,,,,,,,,,
,,,,,,,,,,
,,,,,,,,,,
,,,,,,,,,,
,,,,,,,,,,
,,,,,,,,,,
,,,,,,,,,,
,,,,,,,,,,
,,,,,,,,,,
,,,,,,,,,,
,,,,,,,,,,
,,,,,,,,,,
,,,,,,,,,,
,,,,,,,,,,
,,,,,,,,,,
,,,,,,,,,,
,,,,,,,,,,
,,,,,,,,,,
,,,,,,,,,,
,,,,,,,,,,
,,,,,,,,,,
,,,,,,,,,,
,,,,,,,,,,
,,,,,,,,,,
,,,,,,,,,,
,,,,,,,,,,
,,,,,,,,,,
,,,,,,,,,,
,,,,,,,,,,
,,,,,,,,,,
,,,,,,,,,,
,,,,,,,,,,
,,,,,,,,,,
,,,,,,,,,,
,,,,,,,,,,
,,,,,,,,,,
,,,,,,,,,,
,,,,,,,,,,
,,,,,,,,,,
,,,,,,,,,,
,,,,,,,,,,
,,,,,,,,,,
,,,,,,,,,,
,,,,,,,,,,
,,,,,,,,,,
,,,,,,,,,,
,,,,,,,,,,
,,,,,,,,,,
,,,,,,,,,,
,,,,,,,,,,
,,,,,,,,,,
,,,,,,,,,,
,,,,,,,,,,
,,,,,,,,,,
,,,,,,,,,,
,,,,,,,,,,
,,,,,,,,,,
,,,,,,,,,,
,,,,,,,,,,
,,,,,,,,,,
,,,,,,,,,,
,,,,,,,,,,
,,,,,,,,,,
,,,,,,,,,,
,,,,,,,,,,
,,,,,,,,,,
,,,,,,,,,,
,,,,,,,,,,
,,,,,,,,,,
,,,,,,,,,,
,,,,,,,,,,
,,,,,,,,,,
,,,,,,,,,,
,,,,,,,,,,
,,,,,,,,,,
,,,,,,,,,,
,,,,,,,,,,
,,,,,,,,,,
,,,,,,,,,,
,,,,,,,,,,
,,,,,,,,,,
,,,,,,,,,,
,,,,,,,,,,
,,,,,,,,,,
,,,,,,,,,,
,,,,,,,,,,
,,,,,,,,,,
,,,,,,,,,,
,,,,,,,,,,
,,,,,,,,,,
,,,,,,,,,,
,,,,,,,,,,
,,,,,,,,,,
,,,,,,,,,,
,,,,,,,,,,
,,,,,,,,,,
,,,,,,,,,,
,,,,,,,,,,
,,,,,,,,,,
,,,,,,,,,,
,,,,,,,,,,
,,,,,,,,,,
,,,,,,,,,,
,,,,,,,,,,
,,,,,,,,,,
,,,,,,,,,,
,,,,,,,,,,
,,,,,,,,,,
,,,,,,,,,,
,,,,,,,,,,
,,,,,,,,,,
,,,,,,,,,,
,,,,,,,,,,
,,,,,,,,,,
,,,,,,,,,,
,,,,,,,,,,
,,,,,,,,,,
,,,,,,,,,,
,,,,,,,,,,
,,,,,,,,,,
,,,,,,,,,,
,,,,,,,,,,
,,,,,,,,,,
,,,,,,,,,,USD
,,,,,,,,,,USD
,,,,,,,,,,USD
,,,,,,,,,,USD
,,,,,,,,,,USD
,,,,,,,,,,USD
